time,current,voltage,label
0,0.11943981007018166,1.181417982379138,0
1,0.057570584429373586,0.8630722326191865,0
2,-0.044079119412828584,1.0209316411186724,0
3,0.011109821834853859,1.0388815101858253,0
4,0.14012797307722633,0.9324159031504391,0
5,0.18796369949705366,1.0437652855000779,0
6,0.20874482967554672,1.033875321898952,0
7,0.21437902267206282,0.9523719873175718,0
8,0.2814421418190987,1.0585759056076407,0
9,0.17927046352807305,0.9114712261210307,0
10,0.14197284224641893,0.8956950065195891,0
11,0.230864059701076,1.0713441080822679,0
12,-0.03518719912671209,0.8840847370457025,0
13,0.10576761161926973,0.9772281206882175,0
14,0.3158246938095249,1.0236935947276815,0
15,0.4615320958187664,1.0664571246732186,0
16,0.5108007913663102,1.134068874589324,0
17,0.2595063632137431,0.938986755058179,0
18,0.5126532385780495,0.939228301312165,0
19,0.4793024012427193,0.8142378212537911,0
20,0.2873282347457533,0.9378173296500031,0
21,0.25581740380629764,1.0210697399516744,0
22,0.49240846282657946,0.8668014779691086,0
23,0.4793334867851625,0.9235649096898118,0
24,0.5041967120700341,0.8770718481133216,0
25,0.6053061862578355,0.7286880726287371,0
26,0.3236820906591359,0.9185662948147431,0
27,0.6487534634538779,0.9550388996119168,0
28,0.4698499750737593,0.7809766458073398,0
29,0.30245877766662455,0.6383459775346646,0
30,0.6199199213344843,0.8245760406901138,0
31,0.45706205919251924,0.9761286667867954,0
32,0.5968755379665996,0.8008522102576949,0
33,0.6185188949260068,0.7745646151119173,0
34,0.6949769659895916,0.8120047034359799,0
35,0.7720672790783991,0.8219181156942039,0
36,0.7585283315096574,0.6550956896079267,0
37,0.8586871790272967,0.6286787279030234,0
38,0.6780321952864735,0.807583021385458,0
39,0.6219000506845316,0.6338366661041731,0
40,0.8255114678160902,0.6678659950601004,0
41,0.8221155855636793,0.8146913555945335,0
42,0.6012890572472633,0.46745305563073136,0
43,0.5236096118721378,0.6731434888891873,0
44,0.7453260947517771,0.5249209854307382,0
45,0.8428653648707255,0.2763770692617213,0
46,0.8445108050658159,0.7097531071153869,0
47,0.7386557168489343,0.6892215811648725,0
48,0.8737263769747542,0.566030810531222,0
49,0.8462102996812162,0.5823360769544569,0
50,0.8098550580428541,0.5226367046646401,0
51,0.8371289113212262,0.4802345444085563,0
52,0.8415164629361693,0.6171607620784249,0
53,0.9920239116352159,0.5296962572607302,0
54,0.8258592223938749,0.5535125034431951,0
55,0.7888765730143685,0.6025973343285874,0
56,0.8715733391588002,0.5026306276565315,0
57,0.9441380328180126,0.3661338387414781,0
58,1.073926364794819,0.34268697869618453,0
59,0.8568497952795041,0.4117907878516613,0
60,0.7409933352420521,0.43156813005629635,0
61,0.8952804648063302,0.123205438723096,0
62,0.8315017161438785,0.3031098633882646,0
63,0.8048285733199378,0.34424863116260196,0
64,0.9043718578394107,0.4181489574140847,0
65,1.0303553964092986,0.28105928288980764,0
66,0.8246646653770118,0.27389020347925946,0
67,1.0547268394940141,0.2929465190820245,0
68,1.252721563967751,0.14305639137962584,0
69,1.0043726806891966,0.2651078602904316,0
70,0.9790089578272421,0.2875815588148041,0
71,1.111551306368303,0.1165498240497923,0
72,1.042357320513518,-0.04803268778917055,0
73,0.9670093651713405,0.05052134758876316,0
74,1.0788296771178436,0.0028653364287955785,0
75,0.8191365090825863,-0.02165601666466445,0
76,0.7915506522647618,0.17090455374194768,0
77,0.9646083250363136,0.12199524357525512,0
78,1.0046313116254557,0.16139450149196333,0
79,1.15402302507931,-0.24234391190571103,0
80,1.0926128731318419,-0.04202985371328795,0
81,1.097147938826057,-0.07604246376351646,0
82,0.9176644663854647,-0.07914152038647154,0
83,0.913412307717548,0.004698621730788985,0
84,0.9173764486272428,0.017926009297529855,0
85,0.9546173642688592,-0.26115099107290507,0
86,1.040692517547111,0.054719447852030284,0
87,0.8610393607528143,-0.15971492452897512,0
88,1.0530403017028866,-0.020739317185090617,0
89,0.8199576700991055,-0.17167632057634802,0
90,0.9729265161294957,-0.20892018508411817,0
91,0.9196889700416152,-0.18213207461793168,0
92,0.928641568214708,-0.2143954845536748,0
93,0.9151607782086348,-0.13527524690476864,0
94,0.8188053757774545,-0.42933670033554994,0
95,0.7755050133539726,-0.5974355888497775,0
96,0.787322069927884,-0.2437459433338705,0
97,0.9922583184594872,-0.42450082944197487,0
98,0.9443121668104552,-0.32685912411863643,0
99,0.9055786035565454,-0.33073336627170025,0
100,0.9733859443143432,-0.4975254141135069,0
101,0.8062329787621504,-0.3551023516837855,0
102,0.9157646882781705,-0.4655964044849037,0
103,0.8884821643491696,-0.4208998521287546,0
104,0.7438007771414452,-0.6060736498108013,0
105,0.8868800033236375,-0.4216446111152353,0
106,0.7743931918611147,-0.4364079072743958,0
107,0.8142132771329691,-0.3982726620425101,0
108,0.89904861578417,-0.4816983627591854,0
109,0.9482241266891248,-0.4711743369212391,0
110,0.9026217624861965,-0.6521319164135462,0
111,0.716431207169355,-0.6614254531264734,0
112,0.8340513034832703,-0.6075148505280514,0
113,0.7912946851293554,-0.6661087278467342,0
114,0.8068381552731771,-0.692006432000666,0
115,0.6612546260797011,-0.7559652775651869,0
116,0.6090094035090803,-0.5938431913304864,0
117,0.7344814954323058,-0.7556515110327306,0
118,0.7557614497124422,-0.8669835695264765,0
119,0.6145350630947396,-0.6631993779335003,0
120,0.6728329046762809,-0.6349877628727602,0
121,0.7120150938995048,-0.7127149415810533,0
122,0.6049047325757554,-0.8498951975752345,0
123,0.5639837922270009,-0.6188154357019866,0
124,0.613378536392576,-1.0117413813337204,0
125,0.5233359885891139,-0.8443070831933308,0
126,0.4885394600204423,-0.8254849737938645,0
127,0.5366383057095306,-0.8546364018308837,0
128,0.5084911921926899,-0.7785563299707277,0
129,0.4232569471777737,-0.8890178573646397,0
130,0.5407812555103451,-0.9556902929316379,0
131,0.4933982804765087,-0.9451611911766908,0
132,0.3729851358543277,-0.8660253898133112,0
133,0.5511776368624173,-1.0065181832887609,0
134,0.4456511121067965,-0.7995272906324938,0
135,0.2640924826840424,-1.0682809723138311,0
136,0.43532052968825957,-0.8358015479705984,0
137,0.5208375526578186,-1.0482555999525471,0
138,0.39228288464641903,-0.751589810506573,0
139,0.342466766034162,-0.9043374634646583,0
140,0.2953622529357227,-0.788267503933618,0
141,0.37043819834788916,-0.7608208035128432,0
142,0.2525541437772957,-0.9253696580333115,0
143,0.026061750074932666,-0.9605441749133197,0
144,0.3336513341701447,-0.8639846802347529,0
145,0.26042096621313876,-1.1038043697137137,0
146,0.18335099112432587,-0.8966202048551615,0
147,0.13464956002618222,-0.9656640063858016,0
148,0.051917162611912454,-1.0579219959058634,0
149,0.1462554558435644,-0.9585440075380088,0
150,0.1465866671769779,-0.8710952990834704,0
151,0.06321068201213557,-0.9033152411200328,0
152,0.32281685784138475,-0.8600025596321454,0
153,-0.04246574185382308,-0.886982222898172,0
154,0.19675030241078428,-1.1311987880222605,0
155,0.010154307980365256,-0.9330459556078962,0
156,-0.09610637592962726,-1.0026961297728807,0
157,-0.08935476986764498,-0.6867565356547962,0
158,-0.07878838346597788,-0.8565542222111089,0
159,0.013553122124850839,-1.1519834701446134,0
160,-0.1540126190467067,-1.0624593202141592,0
161,-0.25942774248730477,-1.009433600019325,0
162,0.009030820069869466,-1.0338309002714483,0
163,-0.07163996382599,-1.146660952467942,0
164,-0.11023030061510794,-0.8792091540085667,0
165,-0.17616017464530376,-0.9933296958849089,0
166,-0.17312683115304592,-0.9568262093549622,0
167,-0.16282784343976836,-0.975633157724455,0
168,-0.31829236839330954,-1.0533346482765165,0
169,-0.21127606753866202,-0.945872488145303,0
170,-0.3151521670714424,-1.0071705038728997,0
171,-0.21521454764361675,-1.018176721486715,0
172,-0.20356189238457434,-0.8036143446775968,0
173,-0.2816069183518627,-0.9694739971210977,0
174,-0.2819558004160002,-0.8994873689975291,0
175,-0.405286567468606,-0.939844260334884,0
176,-0.3119454659578493,-0.8684262831532128,0
177,-0.42181631143727644,-1.2084062914367517,0
178,-0.445014146079653,-0.9939086796046699,0
179,-0.3599443624426224,-0.8880399874030457,0
180,-0.5419929839481575,-0.9742779855529703,0
181,-0.4969371696788202,-0.9695512905224042,0
182,-0.5456609635640668,-0.9599714225804054,0
183,-0.3101891576545399,-0.7895835468531406,0
184,-0.5648975283246046,-0.8157322509693842,0
185,-0.26630936449367654,-0.7231874536751608,0
186,-0.5155909306119665,-0.708395003595258,0
187,-0.6142419022241744,-0.8183063085771961,0
188,-0.6361636245839112,-0.794424012023423,0
189,-0.573056779728262,-0.9256662867006193,0
190,-0.6299307346743966,-0.5302584606856948,0
191,-0.6005827282592107,-0.8537218264289224,0
192,-0.4735472125410556,-0.6783217099171912,0
193,-0.5667346826230909,-1.0006837282817083,0
194,-0.7582441678030085,-0.8553002707736489,0
195,-0.7508442277584486,-0.6224054173629308,0
196,-0.6146067511266746,-0.6319993212709208,0
197,-0.639101703065197,-0.7851448931777532,0
198,-1.0001212675594862,-0.8313497782096528,0
199,-0.8604050962889762,-0.4950749911655815,0
200,-0.6650301350058447,-0.6287135029440808,0
201,-0.6478289081431211,-0.6168891664942426,0
202,-0.730885562390286,-0.6331262692200148,0
203,-0.7851317900648056,-0.6587302266229859,0
204,-0.7979782195796276,-0.3972578429258197,0
205,-0.7604369782509314,-0.37680143886620926,0
206,-0.7405294483547353,-0.5251950051032785,0
207,-0.9107930298195017,-0.48809059843567437,0
208,-0.8753253185547019,-0.4483090076839199,0
209,-0.7740908693228042,-0.6647188308080879,0
210,-0.8893960825251945,-0.4997758168534085,0
211,-0.9081791963067813,-0.6574255582745699,0
212,-0.7890749649006207,-0.4227578878034582,0
213,-0.8255067050710416,-0.26066989449953737,0
214,-1.074729627851545,-0.6586943450921057,0
215,-0.9425493139910304,-0.38267607833245454,0
216,-0.8861711951337595,-0.4434312955716519,0
217,-0.9272065521128489,-0.29116022392443647,0
218,-0.9403837949764776,-0.3082566339088258,0
219,-0.9996746169969272,-0.35664658329533033,0
220,-0.9380508172932337,-0.35290449362033344,0
221,-1.0270253730534564,-0.2640189163371009,0
222,-1.1371637709937836,-0.11122246023430782,0
223,-1.0343702875290366,-0.30038651049072274,0
224,-0.9463677295175675,-0.4321428369429793,0
225,-0.9369963467790461,-0.17410949074644677,0
226,-0.7834747698877604,-0.2737029952064958,0
227,-1.031477763847784,-0.02195783708456822,0
228,-0.912002030154296,-0.3204475638612013,0
229,-0.911868417209672,-0.03817924206805548,0
230,-0.9914574355632012,-0.023915045248214944,0
231,-1.1272125112340872,-0.005408159752777503,0
232,-0.9311296984106501,-0.12662576783891608,0
233,-0.7902977029450647,0.16394274373414386,0
234,-0.8465722427460507,-0.2484346292379209,0
235,-1.1445772933386893,0.00017573558680531592,0
236,-1.0278621866194797,-0.113901689326159,0
237,-0.9216403355901165,0.14308490279822794,0
238,-1.1644402758943455,0.12184772989555422,0
239,-1.176905606227757,0.08151054620371723,0
240,-1.0472725309110995,0.14444025668903,0
241,-0.9265134020801622,0.06650976640291029,0
242,-0.886441909403625,0.05725100685382134,0
243,-1.2151815098523957,0.08163017446403757,0
244,-1.1005236859751304,0.12911298147977046,0
245,-1.0484284579570406,0.36590402529159677,0
246,-1.0190746938393564,0.019717756251136476,0
247,-1.0749944550006572,0.23974148020294134,0
248,-0.8197250769024432,0.12882951273299212,0
249,-0.9726799205048887,0.2758862965421081,0
250,-1.0466027598167096,0.2937170208208447,0
251,-0.9153096202028794,0.3178206343242029,0
252,-0.7606476856635249,0.4087627127614584,0
253,-1.1301894990194437,0.25644122220882626,0
254,-0.8030827157345543,0.354006281798279,0
255,-0.9695183757326581,0.6051863268520431,0
256,-0.8020074909462938,0.3542965682239145,0
257,-0.9874422874963402,0.36822772846384677,0
258,-0.8735330239723336,0.4427387593788267,0
259,-0.9729518890622133,0.4601213221567381,0
260,-0.7628796911368098,0.42716952856515455,0
261,-0.874949474884174,0.42832671232874303,0
262,-0.9635277450864868,0.582757101571714,0
263,-0.8781045472865413,0.595754908183026,0
264,-0.8172183055047397,0.5710639265052144,0
265,-0.876705921880546,0.7509566059718109,0
266,-0.8673150845188268,0.49192671177992164,0
267,-0.6582489895855312,0.6752693320645301,0
268,-0.9133648022455791,0.5446483596538774,0
269,-0.7700460915736722,0.5476451376626194,0
270,-0.8817877025909517,0.7887156124246352,0
271,-0.687715931345538,0.6407731422362047,0
272,-0.7369747733203282,0.6387029048688329,0
273,-0.6894786708843823,0.6928345199567173,0
274,-0.6960864460463301,0.6173077059901341,0
275,-0.6955565113835566,0.7135389856028702,0
276,-0.5817206362414657,0.6717541256998478,0
277,-0.7937837516733661,0.7155612187270763,0
278,-0.6423466226165327,0.8095268234306505,0
279,-0.6849083319828251,0.7361193129763571,0
280,-0.5317120537130737,0.8538148908855434,0
281,-0.5201501645035862,0.8366793855264117,0
282,-0.7723540990502209,0.761601830740579,0
283,-0.6319419161532092,1.0094528494069872,0
284,-0.7239818315320483,0.8171619741216004,0
285,-0.6434286867377185,0.8507971034211942,0
286,-0.4982050191420481,0.958331934560956,0
287,-0.5248437512321423,0.8564504194461501,0
288,-0.47235390165634794,0.7419768995406677,0
289,-0.5779925161777286,0.9506958965094603,0
290,-0.47442589266796376,0.8919362791248521,0
291,-0.35555330144813235,0.6029819667873231,0
292,-0.5550352151792135,0.9876307622186188,0
293,-0.3807660024945799,0.8866780029454848,0
294,-0.36464585187210785,0.9085015168393549,0
295,-0.4014590400024946,1.174251626364515,0
296,-0.41369855990589094,0.8167359092782294,0
297,-0.23888906914898386,0.8884947316513461,0
298,-0.38797939082248045,1.0011730531838843,0
299,-0.2259026696203007,0.9326634044534007,0
300,-0.3247952221298198,0.9296460638463309,0
301,-0.39024897246701795,0.9378687128229949,0
302,-0.2509962278439587,1.012234075445411,0
303,-0.1993091484108791,0.9102144559064127,0
304,-0.1507579548582256,0.9562111831048167,0
305,-0.26041934124020516,0.9060977271870796,0
306,-0.12727249065996807,1.0418046559494958,0
307,-0.1824294614582879,1.0307733124143919,0
308,-0.07456301146271103,1.1526079980174484,0
309,-0.08133766207738194,0.8833410306199726,0
310,-0.11209863430192396,0.8622493702767853,0
311,-0.10673666160928026,1.0926347522551643,0
312,0.06341625573933589,1.0461621314445155,0
313,-0.034901799139470016,0.8774466849819836,0
314,-0.04232062173282449,0.9204621314061308,0
315,-0.09326951223500504,0.8029473049822238,0
316,0.1599403175766263,1.0555724986506638,0
317,-0.012674539304246717,1.0055332239182162,0
318,0.0944161846219298,0.9583166675979496,0
319,0.10890938318058882,0.966719333565752,0
320,0.11727970423224823,1.0686109302586966,0
321,0.3251530795685534,0.9425399348855551,0
322,0.15964677840211325,0.9951170754563672,0
323,0.13414912919667832,0.9965580280366633,0
324,0.2640237983407274,1.1004566640232414,0
325,0.21392048275984415,0.9493399712773252,0
326,0.22488763298233075,1.0997540017340006,0
327,0.3090673931653835,0.9791401620590985,0
328,0.1999788212571718,0.8732031104189542,0
329,0.4170664480096494,1.0523132654100984,0
330,0.33710588738479236,1.0506731618270784,0
331,0.3705732435834927,0.9310529259773671,0
332,0.12205911689007878,0.996599197257081,0
333,0.4001932318265525,0.9202432564385875,0
334,0.20763505936036356,1.0117392386778885,0
335,0.5444442684336701,0.9339251181786831,0
336,0.459716117115603,0.9691651242242593,0
337,0.2802751924719499,0.8352444630626427,0
338,0.538535528533423,0.8634719196221861,0
339,0.4021218561457895,0.7994181864914335,0
340,0.5082302533036195,0.5910463418874065,0
341,0.5099323541028477,0.992373193703031,0
342,0.5150551342236468,1.0182652830189014,0
343,0.5303000419002692,1.041751356059534,0
344,0.698291451356277,0.7639993628588186,0
345,0.4786425025000354,0.8520829935786861,0
346,0.7112302820757813,0.7170057138886281,0
347,0.5216754326810903,0.9214941156420065,0
348,0.5058318625539584,0.6561711218323081,0
349,0.5325366781542398,0.8651839984854313,0
350,0.8138098569806959,0.7581052887690649,0
351,0.6971755235352229,0.9736027065628986,0
352,0.6451015675313244,0.6421427323268701,0
353,0.6386323993208008,0.6020661854009829,0
354,0.7079639847833097,0.6591785686466324,0
355,0.8199967854498976,0.4408379550948342,0
356,0.6296762793524686,0.6745490665112118,0
357,0.8036314674931943,0.6676731867929185,0
358,0.6988213208815359,0.6647903671162636,0
359,0.92419923040108,0.5761304736714231,0
360,0.8630802961220666,0.49843887501804784,0
361,0.9377612556229792,0.6679104584928688,0
362,0.7511958509519739,0.5617283570415053,0
363,0.8678082242726055,0.5168829819768459,0
364,0.9102014747730262,0.3746074541241359,0
365,0.8999940210460646,0.6180297412255571,0
366,0.8582674724299162,0.6503716634659022,0
367,0.7689155794525759,0.5279037566014778,0
368,0.8712987445560216,0.524855668201432,0
369,1.0255171864789527,0.28958126975686566,0
370,0.8440096448378102,0.4128274219143817,0
371,0.8037869892542916,0.45090923075313827,0
372,0.805937749418029,0.3380770860354351,0
373,0.854043681289505,0.24244714454397903,0
374,1.0318199455001422,0.31028395061567055,0
375,1.0004746530138608,0.4102315603031104,0
376,0.8707573996513815,0.31119705633716577,0
377,0.9665422896225554,0.22988421558996008,0
378,1.0362592072456134,0.2664275239956379,0
379,1.1663947052994217,0.04147036257723627,0
380,1.0845813276423164,0.21650728779553277,0
381,0.9457317600837472,0.35161148291567346,0
382,0.9782518522608367,0.15296511509924288,0
383,0.9146480821061154,0.151715058606814,0
384,0.8215687439839535,0.2257758969077679,0
385,1.0195801038788253,0.13724246658532305,0
386,0.9083786752063427,0.13666329235124489,0
387,1.057708698934603,0.11244185875210731,0
388,1.0862241698126671,0.03792406470465235,0
389,0.9072177744557849,0.06363279981954424,0
390,0.9968867743053946,-0.025431424703688282,0
391,1.1854408585970193,-0.005063029463447208,0
392,1.01542489781801,-0.08851804840700286,0
393,1.0574421238452747,-0.052549331245092715,0
394,0.9687039881483283,0.04836160503029286,0
395,0.9366263042911545,-0.1430150440108516,0
396,1.0489424713270743,-0.1504603766441008,0
397,1.0488947457374476,-0.11775489610438708,0
398,1.054447268885243,-0.08653771301398398,0
399,1.0044322223093691,-0.26757756975141117,0
400,0.8639574669316953,-0.26441522149693686,0
401,1.1537622810944468,-0.18910183506650297,0
402,0.9368596994203907,-0.16667209843048256,0
403,1.077683510154333,-0.15497542966060293,0
404,1.0481709647335966,-0.17398529602382465,0
405,0.930837589329135,-0.28853766926921387,0
406,1.0064856037025638,-0.5285391678689876,0
407,0.7547661778936947,-0.13394977049037782,0
408,1.0284837599892982,-0.24452686253341638,0
409,1.008811668772706,-0.45888369037797827,0
410,0.940285530226395,-0.4654484379802984,0
411,0.9127273906305937,-0.32261911520997005,0
412,1.0499143425319337,-0.4350983382291311,0
413,0.8686060083581284,-0.577885530313978,0
414,0.8406272516510446,-0.43106969398432676,0
415,0.9640595283028338,-0.5630521207578877,0
416,0.999250638396797,-0.4258146332541529,0
417,0.854338117735767,-0.41461060437172964,0
418,0.9536299421182625,-0.39987140183239755,0
419,0.9208267476702598,-0.4112695310762434,0
420,1.0102213745351531,-0.5055092003708771,0
421,0.9027682179491238,-0.5828982131563835,0
422,0.8247189588373434,-0.4805013214626143,0
423,0.8037007742448372,-0.4924760265371762,0
424,0.735421956749901,-0.6474910178780873,0
425,0.8715585514025046,-0.7582183057722932,0
426,0.8006652077340359,-0.5735506271647447,0
427,0.7450804918916336,-0.7523210936034282,0
428,0.9509942665504518,-0.8098774519935771,0
429,0.6755934519626579,-0.660225801636833,0
430,0.8253419275592876,-0.6446785414183391,0
431,0.7933601171331633,-0.7158109786674232,0
432,0.8071852884465209,-0.7415956051572302,0
433,0.8477465166727907,-0.6442538591766062,0
434,0.5729621704298994,-0.7066830431129133,0
435,0.7521547627428034,-0.9170898455938885,0
436,0.6266606478931862,-0.5539204582319255,0
437,0.7655402758262033,-0.5957892385308126,0
438,0.5918055958254275,-0.8429599419884943,0
439,0.4205906366565201,-1.0263059941420645,0
440,0.6445553744956503,-0.8277590239171715,0
441,0.5374004161730237,-0.7912778794964048,0
442,0.5644279404221972,-0.7070923179467274,0
443,0.4376199116939634,-0.9820719794156824,0
444,0.4679023294997304,-0.9137815253126388,0
445,0.655914264392642,-0.7810330159187514,0
446,0.42169159584502336,-0.927612871672584,0
447,0.39559903557719933,-0.84596573259729,0
448,0.576263853837767,-0.8556684235284102,0
449,0.49243833108981516,-0.6450748356124032,0
450,0.43610119695444804,-0.9769623224360606,0
451,0.4180086663909451,-1.0062370463482673,0
452,0.26426983451484465,-0.9045010596346051,0
453,0.3913398045805467,-1.0785018485040183,0
454,0.11885334783647039,-0.9679110871832782,0
455,0.22650989230496105,-1.0889826961765237,0
456,0.3924095668650474,-1.117894002853606,0
457,0.45806341136294026,-0.8837828828740064,0
458,0.13055089520213062,-1.0791407662135202,0
459,0.3116553614868227,-0.8268654324995428,0
460,0.31637008004044764,-0.8828342533857583,0
461,0.28811134874231126,-1.0216337580671244,0
462,0.15519220578692924,-1.0582924214430804,0
463,0.13861352167308805,-0.8080376775624486,0
464,0.1412855353603614,-0.923850597104009,0
465,-0.041097936179333466,-0.8509081050658094,0
466,0.25237733391599204,-1.1275542174420419,0
467,0.07223970684099251,-0.9599988246672254,0
468,0.0796613884398797,-0.8164240415999482,0
469,0.12299879998359031,-0.9844261137317316,0
470,-0.21466712412148306,-1.0525982205441173,0
471,-0.05742491288284768,-0.9728114155419071,0
472,0.0007029607463207004,-1.0411581025863188,0
473,-0.16350869798113912,-0.963609798691424,0
474,-0.06750898683360163,-0.9522184610527775,0
475,-0.0010338882990236775,-1.2372001562982153,0
476,-0.17474144719220175,-0.7733308306684822,0
477,-0.15825762799562423,-0.9313403206122217,0
478,-0.17867016916358008,-0.8924318750360197,0
479,-0.34134768288555595,-1.0960233477958996,0
480,-0.24940509145403994,-0.9831657748483487,0
481,-0.10216486755318707,-0.8092499495487371,0
482,-0.0930332948866265,-0.9658265553718316,0
483,-0.16144233500774735,-0.9083059265913198,0
484,-0.3387599436309174,-0.9353680154149286,0
485,-0.24670220499068884,-0.6813020396469474,0
486,-0.15205879171583447,-0.9162844671560308,0
487,-0.467446922364279,-0.9779991965939022,0
488,-0.4399793372988599,-1.0487560091140722,0
489,-0.3822087828961121,-0.7633736837164629,0
490,-0.4221421234347515,-0.9851029775768408,0
491,-0.3749146392227953,-0.9251000759143839,0
492,-0.4619742232657331,-0.97619790187098,0
493,-0.43709641874985805,-0.868881256513136,0
494,-0.4070520979036166,-0.953349550166711,0
495,-0.4474583506579139,-0.8486592771857053,0
496,-0.6107571593343449,-0.8534327043837038,0
497,-0.5272759640278741,-1.0800157637567536,0
498,-0.5361325726054667,-0.7151889698321339,0
499,-0.6191123069271789,-0.9235139337818634,0
500,-0.5778182184039057,-0.8529354296543168,0
501,-0.5550395579095863,-0.7344216594801516,0
502,-0.4026757288405911,-0.8428263521030691,0
503,-0.7082550726997595,-0.8010938679583077,0
504,-0.5177254383956256,-0.8844393383365389,0
505,-0.6021220082668317,-0.7150955150701972,0
506,-0.6961670437480334,-0.6016171736065529,0
507,-0.7047112941316089,-0.7030270448000511,0
508,-0.629334768987784,-0.6182714238235595,0
509,-0.8281223628476735,-0.7351051304051321,0
510,-0.5843267333840997,-0.6633933826204831,0
511,-0.7672080361704191,-0.6388462410763353,0
512,-0.7620438174559934,-0.693654863015784,0
513,-0.687593134366057,-0.5936329270818288,0
514,-0.6770633459693812,-0.6912033213154429,0
515,-0.8487452131508479,-0.5686878296450298,0
516,-0.8520579056299434,-0.4574557640208927,0
517,-0.8563203199108759,-0.5279265916250725,0
518,-0.931004760251193,-0.576394263897938,0
519,-0.7605475815042769,-0.42848715196841247,0
520,-0.7940808000667993,-0.5156898424501515,0
521,-0.6722502214220683,-0.5011007426577746,0
522,-0.8397741827234493,-0.4028002415098625,0
523,-0.8368983749123148,-0.5509703155736654,0
524,-0.8272861486024805,-0.4209000071154353,0
525,-0.8274951520147674,-0.45414469008346303,0
526,-0.8011605949346103,-0.6269084255396217,0
527,-1.101071530815424,-0.48081914133305415,0
528,-0.9472726629949131,-0.4579449955372174,0
529,-0.7389207873426344,-0.31345857007945643,0
530,-1.1074285473044483,-0.376271927061464,0
531,-0.9709476807042265,-0.15137407507790468,0
532,-0.8793254540793317,-0.206724768398068,0
533,-0.6173071770425342,-0.3233277413981539,0
534,-1.1407817553599295,-0.4271047552634144,0
535,-1.0246683082396015,-0.22556925106281195,0
536,-0.9439133182818567,-0.19557186570016377,0
537,-0.9123289843331701,-0.2247468734237914,0
538,-1.0388456294679969,-0.5325433283058629,0
539,-0.9942576995608909,-0.16024425096309067,0
540,-1.1246688778958869,-0.20894983822873242,0
541,-0.9700045937076792,-0.19137327127817744,0
542,-1.142332202079647,-0.24854936847082965,0
543,-1.1110941567791925,-0.04182130551933766,0
544,-0.873817823870418,0.0713893704719857,0
545,-1.106490373595961,-0.010038570130719057,0
546,-0.9101520326948129,-0.11328914034165595,0
547,-1.0078161597478892,-0.19268971199391216,0
548,-0.9747533968040224,-0.27185338326435626,0
549,-1.1001229145642522,0.11973595133416537,0
550,-0.8683284434247855,-0.041350832392158,0
551,-0.9706574636978063,-0.09201852423204501,0
552,-1.0678638176734563,0.09635110244014078,0
553,-0.9905730219353797,0.08594347679707685,0
554,-0.8504644288236605,0.08502108417994764,0
555,-0.9506998097736798,-0.04461265464759796,0
556,-1.1410043585740053,0.21110728181670732,0
557,-0.8994905796800372,0.04998447578173783,0
558,-0.949429203398057,0.06780740137034882,0
559,-0.9154696565441568,0.34704449094117873,0
560,-1.0270993067812033,0.2328001181883998,0
561,-1.1795998996231307,0.18421054193557054,0
562,-1.1141332304767366,0.3415145680333713,0
563,-0.848344330796699,0.2049782923917435,0
564,-0.96469397200737,0.1113850996422921,0
565,-0.8895587508005982,0.2389634420404001,0
566,-0.8133013298044229,0.32315212646332925,0
567,-0.9762340352059544,0.37477669278920767,0
568,-0.8892596686570388,0.3724698962858477,0
569,-0.8797473197551505,0.4695208414589448,0
570,-0.982964522489901,0.2748112691190531,0
571,-0.9781673224611049,0.5248655753442497,0
572,-0.9944007898718941,0.4763859235140382,0
573,-0.9441174771368328,0.5022286573605806,0
574,-1.0430309829786335,0.419575937118302,0
575,-0.9719808786351722,0.4952141019949681,0
576,-0.7222993275140974,0.6373046871883582,0
577,-0.9052946551391896,0.553968340291019,0
578,-0.6875819340664485,0.4753412573276276,0
579,-0.7659950659375792,0.5629844582560618,0
580,-0.8232168700484548,0.5966318650865481,0
581,-0.8343717700796363,0.498635147522351,0
582,-0.8057118404188418,0.5899448422492581,0
583,-0.6780195637836915,0.8246851208702137,0
584,-0.8248794918121917,0.5581260220156355,0
585,-0.6645703881773372,0.8515706165396442,0
586,-0.7605814748429635,0.590194509207973,0
587,-0.7083186850408335,0.6924736045471331,0
588,-0.8216191901542563,0.7047289932984774,0
589,-0.6291864949550934,0.8870290918033501,0
590,-0.8932388889175513,0.6095681675262776,0
591,-0.6822489184671847,0.7521315550685763,0
592,-0.5839007457819344,0.7651256337587024,0
593,-0.5018916806059565,0.7858528555565928,0
594,-0.4973907709995795,0.7405068946654663,0
595,-0.5475741954214921,0.8306358247671101,0
596,-0.6838123204279708,0.9091142823691312,0
597,-0.4256390295943282,0.973399539915235,0
598,-0.41638669425620023,0.6887301147124089,0
599,-0.6165804566503872,0.8388340350545352,0
600,-0.7570900761710807,0.7745273865232163,0
601,-0.4514235838949245,0.8448076681685455,0
602,-0.6412281988219622,0.7594983110366614,0
603,-0.5339745638391407,0.9097171564539948,0
604,-0.4774390372969567,0.893347526537581,0
605,-0.43156216661903846,0.7774137568276673,0
606,-0.5325082803882386,0.929728741895222,0
607,-0.41759334994857616,0.8391386789111474,0
608,-0.35525794535968325,0.8725361900511466,0
609,-0.3878331342886081,0.9871061559206951,0
610,-0.25757964141571044,0.8737953021937876,0
611,-0.43435077309612274,0.8742504287557785,0
612,-0.37909779927920745,0.9171227934912125,0
613,-0.39420009080771373,1.032512063065451,0
614,-0.3464870317061664,0.9885355097805104,0
615,-0.46814927685640445,1.0548602873970603,0
616,-0.30261562585400437,0.9834826086977871,0
617,-0.08519855897070419,1.1497839649415036,0
618,-0.17710983333098101,1.112333557650853,0
619,-0.15008604136848702,1.2091333109073785,0
620,-0.3351177950571357,1.0309457636431765,0
621,-0.1709178825293963,0.9036195493808236,0
622,-0.087656248634439,0.9022788915444216,0
623,-0.28945581408486354,0.9005222115694281,0
624,-0.03660037783571605,0.9464068693161725,0
625,-0.07177759392153647,0.9313122898032551,0
626,0.06276552108095568,1.1166620311640663,0
627,0.0738412841052774,1.2036258254646133,0
628,0.12945684808595348,1.0310121076378784,0
629,0.04299114866799256,1.101031905208887,0
630,0.0086071318998108,0.8339023027252953,0
631,0.09838217529886875,1.0910791953805021,0
632,0.1427993837041761,0.981467581697413,0
633,0.004165703309278179,1.1699704633921417,0
634,0.0221359008301283,0.8192823110950908,0
635,0.14892452278370857,0.9341161020020049,0
636,-0.009148506399685119,0.905447001060016,0
637,0.032562793494189196,0.7979650286483049,0
638,0.11572542748103966,0.9013734506262735,0
639,0.2844890675862521,1.0356655953466978,0
640,0.13873624729299888,1.058034075387884,0
641,0.36587976973343644,1.0966267182426956,0
642,0.24412611429991662,1.0604341746271557,0
643,0.2760210460040434,0.878491871552198,0
644,0.22980602316049392,0.9134300443688621,0
645,0.37497586155063656,0.9111560481870621,0
646,0.34144127019820864,0.9402121841044058,0
647,0.33021277436912855,1.0511221726975521,0
648,0.22480587587746467,0.9771114412355947,0
649,0.4386929828854015,0.8122992061089878,0
650,0.3577811563743562,0.9596567620831044,0
651,0.5426947659397959,0.8406559275500448,0
652,0.5800811297910421,0.8619016219957448,0
653,0.34206627966807623,0.8999548702964963,0
654,0.399543439849606,0.8631450761029055,0
655,0.5224025153751812,0.8419561530426471,0
656,0.6363230883561144,0.8739854740344102,0
657,0.4628565258876365,0.8054250871931432,0
658,0.5789793106281845,0.6651752677859106,0
659,0.6310927677594562,0.8223593884615534,0
660,0.6184159259675496,0.6599900340491102,0
661,0.6214629106662467,0.9815024422016019,0
662,0.6627124906344353,0.8381821455880148,0
663,0.75914977568325,0.6300665175571651,0
664,0.5880556887483767,0.817100639328739,0
665,0.6443902858000495,0.6978326703330768,0
666,0.8195338661743458,0.6076658923494214,0
667,0.591510814347771,0.6987953195466485,0
668,0.6092948490493263,0.7718642095104603,0
669,0.7834207765753421,0.6894661936462085,0
670,0.7868574288566608,0.7044584325317612,0
671,0.8222426075926956,0.7155636243890723,0
672,0.8678628922117511,0.6809815230792365,0
673,0.8181630446181493,0.539493070012822,0
674,0.8720762780715776,0.8488419160851893,0
675,0.7511238553151905,0.5712749031486294,0
676,0.8239908576605601,0.587839304370054,0
677,0.8474462234188409,0.5408702758492514,0
678,0.7037703486189394,0.6208024443322104,0
679,0.8694073694543789,0.29548253895510757,0
680,0.9857907099924906,0.4113831109891761,0
681,0.9634431881073997,0.46286053528426413,0
682,0.9083975532420536,0.41683730321814566,0
683,0.9143383119160776,0.4409567519372599,0
684,1.0080820767131402,0.48801593053146,0
685,0.9087274568599469,0.3418100921665268,0
686,0.9598107371378009,0.4120524713184474,0
687,0.9773271073293792,0.3723244807237221,0
688,0.8350168152660994,0.49889434124803983,0
689,1.031642960808374,0.28523718451313573,0
690,0.9368195293248777,0.32171170156796025,0
691,0.8724300108293253,0.3649935521271899,0
692,1.1638958326922573,0.19307595059758142,0
693,0.9535793620991684,0.09614159369808267,0
694,1.00367341920866,0.1786637528796622,0
695,1.0686674224988097,0.40234923823022056,0
696,0.8791585385663248,-0.011871094741228161,0
697,0.9391154257892396,0.22531937920075873,0
698,0.9996219526741935,0.20752488481760134,0
699,0.8701979356048719,0.18001465924656906,0
700,0.900648740676783,0.07687037059322055,1
701,0.9217259676975212,-0.04524426341879312,1
702,1.1019533709699958,0.2232746606683073,1
703,0.9943757840690566,-0.011597491141138075,1
704,0.9369211805603503,0.10868781683657827,1
705,1.043046235576246,0.009453143751793142,1
706,1.102118651763784,0.09819765431393843,1
707,0.9377666100172655,-0.0721278008255097,1
708,0.9125083448661531,0.001211076284369228,1
709,0.8512045125094687,-0.07046761642055063,1
710,0.9464968032672139,-0.09210868635788404,1
711,1.1015443541249867,-0.01059214094245077,1
712,1.1401785274935714,0.10769996840313505,1
713,1.0115853511281583,-0.06629646236140782,1
714,1.0184127741243258,-0.2474511983266638,1
715,1.020907184980255,-0.2688714597987909,1
716,1.0756116871190047,-0.3125037135774034,1
717,0.9500242452082952,-0.2549114608791636,1
718,0.9641713863677275,-0.3464727055729119,1
719,0.9370200833085551,-0.19894563305460147,1
720,0.8204091205932714,-0.4288019525446852,1
721,1.0613725719535014,-0.2589438709559993,1
722,0.9752170402355219,-0.38952849680299023,1
723,0.9396509569080363,-0.371179773582756,1
724,0.8587480068409454,-0.25434570177991,1
725,0.960130920724744,-0.5321469561514376,1
726,0.8139741222664227,-0.3349511946066399,1
727,0.8667280064996405,-0.27656813406372827,1
728,0.8906063444568987,-0.3550835724050642,1
729,1.0027499618096585,-0.6008721096301315,1
730,0.8051251164751583,-0.2806469584487733,1
731,0.9616452122402086,-0.34947086170896174,1
732,1.0930766341105884,-0.48785353882248284,1
733,0.8457692371113986,-0.2059109137240765,1
734,0.6990556507367267,-0.6287479514183801,1
735,0.8072194253247833,-0.45936550044007585,1
736,0.8304997835898491,-0.6037628540998934,1
737,0.8886758595116441,-0.6397288098178192,1
738,0.8276981369975005,-0.46809469803617626,1
739,1.0134036347171669,-0.5546214278907652,1
740,0.8899407945340105,-0.553838044879411,1
741,0.7655957025697132,-0.610170986952161,1
742,0.6833147285200697,-0.5883968881063045,1
743,0.9553835380882298,-0.6707144837642017,1
744,0.6968894719056117,-0.6997071886831517,1
745,0.7711800823880539,-0.6259051922542594,1
746,0.7351023682048681,-0.74770112784702,1
747,0.8176550788773066,-0.8056281643261705,1
748,0.5711188371837623,-0.749675890788625,1
749,0.6556138257901416,-0.6560807435415822,1
750,0.682406684086593,-0.6696232073183801,1
751,0.8040787998390854,-0.7370751279877189,1
752,0.7737019388618226,-0.6991404188733343,1
753,0.5651280058281822,-0.8300309224189507,1
754,0.5102848158528918,-0.9878852822949553,1
755,0.597483774079697,-0.7706965436072257,1
756,0.7516011733030602,-0.9556854674693058,1
757,0.6001605818146567,-0.8401523106901059,1
758,0.5019950109282263,-0.7458626193789085,1
759,0.4695649114335821,-0.8647816045997075,1
760,0.4667910426132047,-0.8213103204917407,1
761,0.5631324391181313,-0.8822644317256587,1
762,0.5461766329287474,-0.8229753145123884,1
763,0.25513131036230347,-0.6845016409433767,1
764,0.43732521777467587,-0.9374455451786061,1
765,0.27742719511955516,-1.134656196396207,1
766,0.2557865161850015,-0.8786049487934133,1
767,0.3598763103836314,-0.9578584967976013,1
768,0.3024297683664868,-0.8054957347050736,1
769,0.4717763974543377,-0.9738305628307306,1
770,0.1795342718864944,-0.9845547256230316,1
771,0.36048016687290674,-0.8452466311684554,1
772,0.40859663867037765,-1.0584978445425581,1
773,0.2950072906741935,-0.9891190537679179,1
774,0.3259034098969881,-0.943722243482354,1
775,0.049686229237141805,-0.9256017832135258,1
776,0.104882262250312,-1.1317302527700976,1
777,0.09834641698860014,-1.0155987160175775,1
778,0.0771803225054368,-0.8764451597094409,1
779,0.034780189376211135,-0.8844849433091955,1
780,-0.10462484475263839,-1.0777508212851896,1
781,0.1712875222454553,-0.981408864295868,1
782,-0.12968617112944486,-1.0888531652448912,1
783,0.09528117252642813,-1.1481799038932166,1
784,-0.015087898178060506,-0.9678663640203089,1
785,0.2862505751167572,-1.0561981229337558,1
786,-0.02110226506265445,-1.1490776606626034,1
787,-0.05289060535037087,-0.9268016021491475,1
788,-0.09688700438790854,-1.1231937885536118,1
789,-0.14447433329984266,-0.9302306361554289,1
790,-0.1169373378415336,-0.8395537197132412,1
791,-0.17850158153394652,-0.9674901117496568,1
792,-0.1689294103157942,-1.063968374670872,1
793,-0.33290877641087935,-1.0088245276727386,1
794,-0.10641021634459685,-1.042267299817543,1
795,-0.17687227014312232,-0.9679489959356596,1
796,-0.2776044498568775,-0.9854552106156492,1
797,-0.072282147317768,-1.0851865716600557,1
798,-0.3825493107443374,-1.0032712980368697,1
799,-0.24160908522876054,-0.8726359370026663,1
800,-0.3315373978828828,-0.9686958910653043,1
801,-0.23254000461504742,-0.9990247506100783,1
802,-0.30907164274223287,-0.989982621685814,1
803,-0.24437251460089937,-0.786124743557959,1
804,-0.40268435847025663,-0.8974415287613554,1
805,-0.39803755814936936,-0.8517680676198309,1
806,-0.43729093323451684,-0.7697132531100064,1
807,-0.3483842668696729,-0.9957137278170409,1
808,-0.3131171012498935,-0.7701038748208421,1
809,-0.7013798637122793,-0.8929514500541648,1
810,-0.49032766529288924,-0.7790656782370267,1
811,-0.5265538832822153,-0.6890146613835596,1
812,-0.4101638894259486,-0.9598949281625071,1
813,-0.5687303845206584,-0.843151445929255,1
814,-0.6149978466933834,-0.8671151088075034,1
815,-0.5648064852554455,-0.8189222061773329,1
816,-0.540712088709058,-0.939209039464463,1
817,-0.6273797716467594,-0.9044691718953359,1
818,-0.64349044805857,-0.7801894465067151,1
819,-0.5896517875934939,-0.7757679372550045,1
820,-0.7024161016283625,-0.6138922903036786,1
821,-0.7838092307896363,-0.734512307360931,1
822,-0.5775860454059993,-0.6855339960560332,1
823,-0.697482619002101,-0.7729698389529562,1
824,-0.8072039486460064,-0.9289131647440709,1
825,-0.8176052258745898,-0.6211802683286898,1
826,-0.6637778815094774,-0.5660929561404164,1
827,-0.7155034628323541,-0.6713843315102472,1
828,-0.7021263952000387,-0.5390172300883163,1
829,-0.8871888815301966,-0.6252100509469251,1
830,-0.8604533238819513,-0.7463433694375863,1
831,-0.6373592528922533,-0.6106623171370186,1
832,-0.6964773024069297,-0.5326669568423369,1
833,-0.7664362196689062,-0.3670259484496786,1
834,-0.7694501004256764,-0.4016470808666024,1
835,-1.0226973029961774,-0.5217074416730083,1
836,-0.7979311710266997,-0.4610248255204532,1
837,-0.7859023386357186,-0.564611023669464,1
838,-0.9176038606243562,-0.47619317995190613,1
839,-0.9691774339821672,-0.4703778897451602,1
840,-0.8153517273431446,-0.3695168124577276,1
841,-0.8627106456724236,-0.5757026837585372,1
842,-0.7702078558811124,-0.302501021355818,1
843,-0.9189974259142561,-0.5933700355239426,1
844,-0.9666030918517106,-0.37388566063544004,1
845,-0.9442380204815534,-0.45083561890689,1
846,-0.9379668386201483,-0.2857485583328693,1
847,-0.8445784113173196,-0.431349549943263,1
848,-1.1322523926263415,-0.3135061015061915,1
849,-0.9081628482143702,-0.28401296882507954,1
850,-0.8148790369655122,-0.19830749226329236,1
851,-1.0819518382684326,-0.44922361022189095,1
852,-0.9707852810408292,-0.286984875563962,1
853,-1.0877935936151826,-0.07754330043966165,1
854,-1.0162078951875415,-0.18341350718889587,1
855,-0.8276036550145638,-0.2260476208323414,1
856,-0.9958211206336821,-0.11272460692847136,1
857,-1.1331226216391852,-0.24899171069531997,1
858,-0.8962660024027594,-0.2456087720996143,1
859,-1.061518970350033,-0.004456161550923321,1
860,-0.9900236745902276,0.015876563158756657,1
861,-1.001212863563212,-0.06999997430272299,1
862,-1.028384469671836,0.06073610076357721,1
863,-0.9419496684566819,-0.18619674318964757,1
864,-0.9820978440002901,-0.007262352759310227,1
865,-0.9125806490623409,-0.05120171937997871,1
866,-0.9936574400545948,0.07691087843873777,1
867,-0.9044638019317799,0.08786616301774267,1
868,-1.0075029226237822,0.3002653565722378,1
869,-0.8706173043196557,-0.016228668233853785,1
870,-0.9774904698399189,0.08468571196860472,1
871,-1.0807538372972971,0.2271546423813901,1
872,-0.9812288760049004,0.12471652505399852,1
873,-0.8040455003637919,0.30991813723613987,1
874,-0.9572688348313267,0.19209186708936074,1
875,-0.843113333790644,0.1323093347613134,1
876,-0.9285188715389437,0.13656325423625104,1
877,-0.8458604968437818,0.25978934309721086,1
878,-1.0680869939766529,0.2685776614398064,1
879,-1.0181712291233491,0.18441872508742269,1
880,-0.7635749787734176,0.3265573995681877,1
881,-1.0483878872430932,0.3915244654855695,1
882,-0.7962339023762123,0.2999042329954229,1
883,-0.9477246839148789,0.3306987352044928,1
884,-0.7678829819360795,0.3441237848639937,1
885,-0.806131299494529,0.32135031369373446,1
886,-0.8868459645063522,0.4355720978429394,1
887,-0.8461398336474717,0.3709959362301538,1
888,-0.9128892701787344,0.32697508589042557,1
889,-0.6374845725214997,0.5063788946748745,1
890,-0.9029620446023781,0.42493101436273706,1
891,-0.9816992193217233,0.4547962674760098,1
892,-0.8394502548560822,0.5981391292731248,1
893,-0.8261823334391497,0.4614733641188614,1
894,-0.6614021006526392,0.4839612420560235,1
895,-0.8851835171361581,0.5996247935909178,1
896,-0.7406413055837684,0.5872566454015252,1
897,-0.7795098482065261,0.6470525383146164,1
898,-0.7139230336649407,0.6269952767422553,1
899,-0.8140315310927837,0.7155088959984954,1
900,-0.5384651530346212,0.5094995301852927,1
901,-0.49232862123624266,0.584834128730382,1
902,-0.7738931572902413,0.7726760212299132,1
903,-0.7363364913907908,0.7686588407406889,1
904,-0.8867627421893816,0.8757431459241166,1
905,-0.5828212773784752,0.8243558440348526,1
906,-0.7328692164193195,0.5593979191011826,1
907,-0.5698974313189289,0.8886099181205724,1
908,-0.6597171138906478,0.6610595897088638,1
909,-0.646907302068036,0.768759388657887,1
910,-0.4284900970949008,0.9454121458139286,1
911,-0.6447738430540255,0.8549364813388726,1
912,-0.39555124720109625,0.7539577119816581,1
913,-0.5941326274856756,0.8781300420350205,1
914,-0.6304476286082139,0.7656729171119934,1
915,-0.5036539445028018,0.9086895524854892,1
916,-0.550105824676986,0.7979698203361343,1
917,-0.5105707025567279,0.8051720492419788,1
918,-0.4719703197283203,0.9249875964337795,1
919,-0.22954476682397507,0.9296256202841146,1
920,-0.5348429836071538,0.9235033464568532,1
921,-0.42154386182826986,1.0660310071902528,1
922,-0.29943070902615554,0.8491447860558177,1
923,-0.43605547461422905,0.8143801019299585,1
924,-0.23458466070079714,0.9932276769355092,1
925,-0.44209534073156387,0.99188850209625,1
926,-0.3062161908909311,0.90248048738871,1
927,-0.2747927154067978,0.9211674280335174,1
928,-0.3333940199355867,1.1209564408415476,1
929,-0.32039483163159155,0.8336524068776445,1
930,-0.34550990388822,0.9085858386399888,1
931,-0.30127295257420417,0.80994246172428,1
932,-0.23134065994281194,1.0047307742241798,1
933,-0.03079982927083688,1.0593245892113723,1
934,-0.2100572242325926,1.107078122627334,1
935,-0.35964376067031556,0.9588532959478151,1
936,-0.06886878248845314,0.9446485412480434,1
937,-0.020602955852188146,0.8941210010719348,1
938,-0.11652975918018843,0.9997109106979643,1
939,-0.0911238245094362,0.94239830057374,1
940,-0.018272093331960934,1.1609906607589153,1
941,-0.04273660933422589,0.7189722623133352,1
942,0.06930425898880795,1.0889939044611314,1
943,0.25326447876192565,1.0327087577971459,1
944,0.3034413980392442,1.029003115584858,1
945,0.07181164797823605,1.0229269554187925,1
946,0.07271797211883248,0.9952202815161563,1
947,-0.004865666677744046,0.9792860876106568,1
948,0.07009717910801902,0.9612384709853772,1
949,0.05490125086305564,1.1824014023508218,1
950,0.21326884391823905,1.0950584111124928,1
951,0.2344158019477558,0.9162836018858813,1
952,0.17876326169599865,1.0447810387936913,1
953,0.2165638713887567,0.9413354416840382,1
954,0.04598911759513771,0.8826235237593043,1
955,0.24452295613635047,1.0518424868240797,1
956,0.22588692369099564,1.1148119386100044,1
957,0.29336253471169554,0.7950357504877771,1
958,0.2541768419148243,1.025268684325174,1
959,0.3336698774513951,0.8064231334688025,1
960,0.42164181843631476,0.9939772611293816,1
961,0.43208241714251694,1.033620568542215,1
962,0.35133004928255784,0.889467216040196,1
963,0.34285545060327205,0.9586873460637191,1
964,0.6168536998319253,0.7716992907546657,1
965,0.3225218356435793,0.9030581340575882,1
966,0.45291040470557276,0.9033998456983119,1
967,0.432791616657725,0.8915002708486424,1
968,0.31203217845605113,0.8964158592992686,1
969,0.3477142663176047,0.8382497701066319,1
970,0.4750240250698574,0.7518844663713571,1
971,0.4876973043747183,0.773322346909419,1
972,0.5662320941137705,0.856931607877483,1
973,0.7809352895456635,0.7996698593500657,1
974,0.3697614347007699,0.8792716121712828,1
975,0.48282887562690463,0.8602533121253083,1
976,0.5625472127515015,0.6765055278568215,1
977,0.6335861113028466,0.6553790804230069,1
978,0.7399657097107547,0.7779307640903549,1
979,0.6002213859643495,0.7450337120907977,1
980,0.6916116095956201,0.903553552246226,1
981,0.6561925889903175,0.7586520387071841,1
982,0.5703028937563323,0.7343236244893958,1
983,0.6744702303496513,0.6503862116314092,1
984,0.7672667119335983,0.6231183446579877,1
985,0.8020368372583206,0.53983905974844,1
986,0.720193974500923,0.7462603728910533,1
987,0.6424279276939007,0.4680755222581563,1
988,0.8580657820391633,0.6992133480036795,1
989,0.7545329194333487,0.5020016534984437,1
990,0.8309998060734489,0.49741828178976677,1
991,0.6818496959064234,0.7338595843659161,1
992,0.8429291958309755,0.3681130515702169,1
993,0.8519630578990496,0.5719855239548938,1
994,0.8233328388668469,0.4663009979735364,1
995,1.026798401095394,0.45604322355261956,1
996,0.869302377457142,0.5852082207421176,1
997,0.7899092066697764,0.3385784414389283,1
998,0.8065199835716858,0.6194544505159951,1
999,0.8576852770380127,0.4215906691666853,1
